"labels","Time","Line","tsNs","labelTypes","id"
[object Object],2025-03-05 15:47:33,"{""level"": ""ERROR"", ""message"": ""2025-03-05 15:47:33,180 | ERROR | {\""user_id\"": 80, \""product_id\"": 1626, \""amount\"": 65.51, \""status\"": \""success\"", \""random_string\"": \""g3CdO0rTJA\""}"", ""timestamp"": ""2025-03-05 15:47:33""}",1741169853180753920,[object Object],1741169853180753920_450057a
[object Object],2025-03-05 15:47:28,"{""level"": ""WARNING"", ""message"": ""2025-03-05 15:47:28,207 | WARNING | {\""user_id\"": 34, \""product_id\"": 1170, \""amount\"": 50.36, \""status\"": \""success\"", \""random_string\"": \""dNiO17ejYk\""}"", ""timestamp"": ""2025-03-05 15:47:28""}",1741169848208104192,[object Object],1741169848208104192_c2aced0a
[object Object],2025-03-05 15:47:25,"{""level"": ""WARNING"", ""message"": ""2025-03-05 15:47:25,631 | WARNING | {\""user_id\"": 70, \""product_id\"": 1202, \""amount\"": 88.9, \""status\"": \""pending\"", \""random_string\"": \""eqeqwRL8Rc\""}"", ""timestamp"": ""2025-03-05 15:47:25""}",1741169845632093184,[object Object],1741169845632093184_296b7ff4
[object Object],2025-03-05 15:47:24,"{""level"": ""ERROR"", ""message"": ""2025-03-05 15:47:24,979 | ERROR | {\""user_id\"": 95, \""product_id\"": 1905, \""amount\"": 41.94, \""status\"": \""success\"", \""random_string\"": \""fJXKH1BZzr\""}"", ""timestamp"": ""2025-03-05 15:47:24""}",1741169844979483904,[object Object],1741169844979483904_bd7d204e
[object Object],2025-03-05 15:47:23,"{""level"": ""ERROR"", ""message"": ""2025-03-05 15:47:23,683 | ERROR | {\""user_id\"": 89, \""product_id\"": 1305, \""amount\"": 96.19, \""status\"": \""success\"", \""random_string\"": \""FeMfdyIyPW\""}"", ""timestamp"": ""2025-03-05 15:47:23""}",1741169843683091200,[object Object],1741169843683091200_540ab07c
[object Object],2025-03-05 15:47:21,"{""level"": ""ERROR"", ""message"": ""2025-03-05 15:47:21,780 | ERROR | {\""user_id\"": 14, \""product_id\"": 1261, \""amount\"": 81.77, \""status\"": \""failure\"", \""random_string\"": \""R3Dd5AoaAb\""}"", ""timestamp"": ""2025-03-05 15:47:21""}",1741169841780818688,[object Object],1741169841780818688_fa0371a0
[object Object],2025-03-05 15:47:12,"{""level"": ""INFO"", ""message"": ""2025-03-05 15:47:12,227 | INFO | {\""user_id\"": 46, \""product_id\"": 1820, \""amount\"": 55.54, \""status\"": \""pending\"", \""random_string\"": \""7tfvhWAYBt\""}"", ""timestamp"": ""2025-03-05 15:47:12""}",1741169832227558912,[object Object],1741169832227558912_5583a376
[object Object],2025-03-05 15:47:10,"{""level"": ""ERROR"", ""message"": ""2025-03-05 15:47:10,852 | ERROR | {\""user_id\"": 75, \""product_id\"": 1364, \""amount\"": 35.82, \""status\"": \""failure\"", \""random_string\"": \""hfhg1b1d5l\""}"", ""timestamp"": ""2025-03-05 15:47:10""}",1741169830852259328,[object Object],1741169830852259328_b31c2e68
[object Object],2025-03-05 15:47:05,"{""level"": ""ERROR"", ""message"": ""2025-03-05 15:47:05,594 | ERROR | {\""user_id\"": 86, \""product_id\"": 1380, \""amount\"": 70.23, \""status\"": \""pending\"", \""random_string\"": \""JN0WstHSZo\""}"", ""timestamp"": ""2025-03-05 15:47:05""}",1741169825594945536,[object Object],1741169825594945536_4ab8181c
[object Object],2025-03-05 15:47:03,"{""level"": ""ERROR"", ""message"": ""2025-03-05 15:47:03,767 | ERROR | {\""user_id\"": 65, \""product_id\"": 1216, \""amount\"": 80.86, \""status\"": \""success\"", \""random_string\"": \""DdWR1ULcuD\""}"", ""timestamp"": ""2025-03-05 15:47:03""}",1741169823767462656,[object Object],1741169823767462656_26a12284
[object Object],2025-03-05 15:46:59,"{""level"": ""ERROR"", ""message"": ""2025-03-05 15:46:59,083 | ERROR | {\""user_id\"": 90, \""product_id\"": 1384, \""amount\"": 42.85, \""status\"": \""pending\"", \""random_string\"": \""5CKcG6JaKf\""}"", ""timestamp"": ""2025-03-05 15:46:59""}",1741169819083960064,[object Object],1741169819083960064_4d46c1ac
[object Object],2025-03-05 15:46:57,"{""level"": ""WARNING"", ""message"": ""2025-03-05 15:46:57,934 | WARNING | {\""user_id\"": 25, \""product_id\"": 1604, \""amount\"": 24.75, \""status\"": \""pending\"", \""random_string\"": \""Hh5ITByGwr\""}"", ""timestamp"": ""2025-03-05 15:46:57""}",1741169817934862848,[object Object],1741169817934862848_917b1e02
[object Object],2025-03-05 15:46:55,"{""level"": ""WARNING"", ""message"": ""2025-03-05 15:46:55,360 | WARNING | {\""user_id\"": 59, \""product_id\"": 1551, \""amount\"": 38.33, \""status\"": \""success\"", \""random_string\"": \""OvJA0Iqqec\""}"", ""timestamp"": ""2025-03-05 15:46:55""}",1741169815362164480,[object Object],1741169815362164480_1ad9c74a
[object Object],2025-03-05 15:46:53,"{""level"": ""WARNING"", ""message"": ""2025-03-05 15:46:53,865 | WARNING | {\""user_id\"": 98, \""product_id\"": 1364, \""amount\"": 40.25, \""status\"": \""success\"", \""random_string\"": \""zpmagXrhNJ\""}"", ""timestamp"": ""2025-03-05 15:46:53""}",1741169813865273344,[object Object],1741169813865273344_6d21bc0c
[object Object],2025-03-05 15:46:50,"{""level"": ""ERROR"", ""message"": ""2025-03-05 15:46:50,810 | ERROR | {\""user_id\"": 9, \""product_id\"": 1018, \""amount\"": 25.24, \""status\"": \""failure\"", \""random_string\"": \""d90HWCJ13N\""}"", ""timestamp"": ""2025-03-05 15:46:50""}",1741169810810679296,[object Object],1741169810810679296_8529ce3a
[object Object],2025-03-05 15:46:49,"{""level"": ""WARNING"", ""message"": ""2025-03-05 15:46:49,845 | WARNING | {\""user_id\"": 43, \""product_id\"": 1422, \""amount\"": 31.53, \""status\"": \""failure\"", \""random_string\"": \""UVVj7yrj2Z\""}"", ""timestamp"": ""2025-03-05 15:46:49""}",1741169809845849856,[object Object],1741169809845849856_2b577ea8
[object Object],2025-03-05 15:46:48,"{""level"": ""INFO"", ""message"": ""2025-03-05 15:46:48,609 | INFO | {\""user_id\"": 61, \""product_id\"": 1333, \""amount\"": 83.36, \""status\"": \""pending\"", \""random_string\"": \""WP3gYqRUYZ\""}"", ""timestamp"": ""2025-03-05 15:46:48""}",1741169808609481984,[object Object],1741169808609481984_bd1d053a
[object Object],2025-03-05 15:46:44,"{""level"": ""WARNING"", ""message"": ""2025-03-05 15:46:44,270 | WARNING | {\""user_id\"": 44, \""product_id\"": 1963, \""amount\"": 98.3, \""status\"": \""failure\"", \""random_string\"": \""6Ch5XdPsCx\""}"", ""timestamp"": ""2025-03-05 15:46:44""}",1741169804270900736,[object Object],1741169804270900736_1459ecc0
[object Object],2025-03-05 15:46:41,"{""level"": ""ERROR"", ""message"": ""2025-03-05 15:46:41,703 | ERROR | {\""user_id\"": 49, \""product_id\"": 1042, \""amount\"": 43.81, \""status\"": \""failure\"", \""random_string\"": \""Z9XluGkn3r\""}"", ""timestamp"": ""2025-03-05 15:46:41""}",1741169801703174400,[object Object],1741169801703174400_e0fc6986
[object Object],2025-03-05 15:46:40,"{""level"": ""INFO"", ""message"": ""2025-03-05 15:46:40,402 | INFO | {\""user_id\"": 82, \""product_id\"": 1541, \""amount\"": 40.6, \""status\"": \""success\"", \""random_string\"": \""seEc9nqmRs\""}"", ""timestamp"": ""2025-03-05 15:46:40""}",1741169800402617088,[object Object],1741169800402617088_da4f08dc
[object Object],2025-03-05 15:46:39,"{""level"": ""INFO"", ""message"": ""2025-03-05 15:46:39,304 | INFO | {\""user_id\"": 81, \""product_id\"": 1543, \""amount\"": 67.19, \""status\"": \""success\"", \""random_string\"": \""2ChJLNxVd5\""}"", ""timestamp"": ""2025-03-05 15:46:39""}",1741169799304701184,[object Object],1741169799304701184_19eb6400
[object Object],2025-03-05 15:46:38,"{""level"": ""INFO"", ""message"": ""2025-03-05 15:46:38,301 | INFO | {\""user_id\"": 89, \""product_id\"": 1589, \""amount\"": 28.4, \""status\"": \""failure\"", \""random_string\"": \""DFte3Oadpq\""}"", ""timestamp"": ""2025-03-05 15:46:38""}",1741169798302326016,[object Object],1741169798302326016_61868f6
[object Object],2025-03-05 15:46:35,"{""level"": ""ERROR"", ""message"": ""2025-03-05 15:46:35,570 | ERROR | {\""user_id\"": 13, \""product_id\"": 1272, \""amount\"": 21.18, \""status\"": \""pending\"", \""random_string\"": \""D8axoy8GdX\""}"", ""timestamp"": ""2025-03-05 15:46:35""}",1741169795570749952,[object Object],1741169795570749952_48553744
[object Object],2025-03-05 15:46:32,"{""level"": ""ERROR"", ""message"": ""2025-03-05 15:46:32,449 | ERROR | {\""user_id\"": 20, \""product_id\"": 1303, \""amount\"": 21.16, \""status\"": \""success\"", \""random_string\"": \""mtJvBTqekz\""}"", ""timestamp"": ""2025-03-05 15:46:32""}",1741169792449965312,[object Object],1741169792449965312_4df67842
[object Object],2025-03-05 15:46:31,"{""level"": ""INFO"", ""message"": ""2025-03-05 15:46:31,606 | INFO | {\""user_id\"": 52, \""product_id\"": 1054, \""amount\"": 73.15, \""status\"": \""success\"", \""random_string\"": \""GWuTJxcuMc\""}"", ""timestamp"": ""2025-03-05 15:46:31""}",1741169791606398208,[object Object],1741169791606398208_3a26c1fc
[object Object],2025-03-05 15:46:24,"{""level"": ""ERROR"", ""message"": ""2025-03-05 15:46:24,105 | ERROR | {\""user_id\"": 93, \""product_id\"": 1355, \""amount\"": 42.55, \""status\"": \""pending\"", \""random_string\"": \""ndw8viz7hx\""}"", ""timestamp"": ""2025-03-05 15:46:24""}",1741169784106002176,[object Object],1741169784106002176_509eac52
[object Object],2025-03-05 15:46:23,"{""level"": ""ERROR"", ""message"": ""2025-03-05 15:46:23,079 | ERROR | {\""user_id\"": 30, \""product_id\"": 1342, \""amount\"": 25.14, \""status\"": \""pending\"", \""random_string\"": \""nTJFdeLkdy\""}"", ""timestamp"": ""2025-03-05 15:46:23""}",1741169783080512000,[object Object],1741169783080512000_a6e036de
[object Object],2025-03-05 15:46:21,"{""level"": ""ERROR"", ""message"": ""2025-03-05 15:46:21,388 | ERROR | {\""user_id\"": 28, \""product_id\"": 1174, \""amount\"": 97.11, \""status\"": \""success\"", \""random_string\"": \""SKFq84zR6s\""}"", ""timestamp"": ""2025-03-05 15:46:21""}",1741169781388558080,[object Object],1741169781388558080_31c3c346
[object Object],2025-03-05 15:46:18,"{""level"": ""INFO"", ""message"": ""2025-03-05 15:46:18,319 | INFO | {\""user_id\"": 56, \""product_id\"": 1564, \""amount\"": 70.55, \""status\"": \""success\"", \""random_string\"": \""yi7XG18Kn1\""}"", ""timestamp"": ""2025-03-05 15:46:18""}",1741169778319523328,[object Object],1741169778319523328_3f3d3aae
[object Object],2025-03-05 15:46:16,"{""level"": ""ERROR"", ""message"": ""2025-03-05 15:46:16,695 | ERROR | {\""user_id\"": 59, \""product_id\"": 1577, \""amount\"": 82.04, \""status\"": \""success\"", \""random_string\"": \""DhHI1j0MhR\""}"", ""timestamp"": ""2025-03-05 15:46:16""}",1741169776695769088,[object Object],1741169776695769088_86a59bf8
[object Object],2025-03-05 15:46:14,"{""level"": ""INFO"", ""message"": ""2025-03-05 15:46:14,731 | INFO | {\""user_id\"": 6, \""product_id\"": 1157, \""amount\"": 87.81, \""status\"": \""success\"", \""random_string\"": \""EUhvoNefWn\""}"", ""timestamp"": ""2025-03-05 15:46:14""}",1741169774731426816,[object Object],1741169774731426816_afe4123a
[object Object],2025-03-05 15:46:12,"{""level"": ""WARNING"", ""message"": ""2025-03-05 15:46:12,384 | WARNING | {\""user_id\"": 27, \""product_id\"": 1603, \""amount\"": 74.75, \""status\"": \""pending\"", \""random_string\"": \""d62ykR3R0A\""}"", ""timestamp"": ""2025-03-05 15:46:12""}",1741169772384334592,[object Object],1741169772384334592_9734b58c
[object Object],2025-03-05 15:46:11,"{""level"": ""ERROR"", ""message"": ""2025-03-05 15:46:11,452 | ERROR | {\""user_id\"": 21, \""product_id\"": 1735, \""amount\"": 40.36, \""status\"": \""failure\"", \""random_string\"": \""hkj5bvhR3L\""}"", ""timestamp"": ""2025-03-05 15:46:11""}",1741169771452157952,[object Object],1741169771452157952_9afc3532
[object Object],2025-03-05 15:46:09,"{""level"": ""INFO"", ""message"": ""2025-03-05 15:46:09,870 | INFO | {\""user_id\"": 14, \""product_id\"": 1632, \""amount\"": 91.69, \""status\"": \""failure\"", \""random_string\"": \""qOsDwYHBy1\""}"", ""timestamp"": ""2025-03-05 15:46:09""}",1741169769870302720,[object Object],1741169769870302720_3c6def1c
[object Object],2025-03-05 15:46:08,"{""level"": ""INFO"", ""message"": ""2025-03-05 15:46:08,045 | INFO | {\""user_id\"": 6, \""product_id\"": 1014, \""amount\"": 50.19, \""status\"": \""pending\"", \""random_string\"": \""eWSgRnrWSR\""}"", ""timestamp"": ""2025-03-05 15:46:08""}",1741169768045916160,[object Object],1741169768045916160_b81155cc
[object Object],2025-03-05 15:46:07,"{""level"": ""ERROR"", ""message"": ""2025-03-05 15:46:07,378 | ERROR | {\""user_id\"": 35, \""product_id\"": 1784, \""amount\"": 44.34, \""status\"": \""failure\"", \""random_string\"": \""J4SBwE7Az8\""}"", ""timestamp"": ""2025-03-05 15:46:07""}",1741169767378283008,[object Object],1741169767378283008_d7a75740
[object Object],2025-03-05 15:46:02,"{""level"": ""ERROR"", ""message"": ""2025-03-05 15:46:02,422 | ERROR | {\""user_id\"": 62, \""product_id\"": 1758, \""amount\"": 41.23, \""status\"": \""pending\"", \""random_string\"": \""a37SVo7qiA\""}"", ""timestamp"": ""2025-03-05 15:46:02""}",1741169762422471168,[object Object],1741169762422471168_f91ac258
[object Object],2025-03-05 15:46:01,"{""level"": ""ERROR"", ""message"": ""2025-03-05 15:46:01,335 | ERROR | {\""user_id\"": 47, \""product_id\"": 1728, \""amount\"": 29.76, \""status\"": \""success\"", \""random_string\"": \""pCfQzduMxU\""}"", ""timestamp"": ""2025-03-05 15:46:01""}",1741169761335373568,[object Object],1741169761335373568_368d5448
[object Object],2025-03-05 15:46:00,"{""level"": ""INFO"", ""message"": ""2025-03-05 15:46:00,016 | INFO | {\""user_id\"": 60, \""product_id\"": 1786, \""amount\"": 27.35, \""status\"": \""pending\"", \""random_string\"": \""TRKXDVohsw\""}"", ""timestamp"": ""2025-03-05 15:46:00""}",1741169760016358400,[object Object],1741169760016358400_46c6217c
[object Object],2025-03-05 15:45:57,"{""level"": ""INFO"", ""message"": ""2025-03-05 15:45:57,994 | INFO | {\""user_id\"": 45, \""product_id\"": 1507, \""amount\"": 73.31, \""status\"": \""failure\"", \""random_string\"": \""H3Ci9oySPC\""}"", ""timestamp"": ""2025-03-05 15:45:57""}",1741169757995255040,[object Object],1741169757995255040_f2d0ab40
[object Object],2025-03-05 15:45:57,"{""level"": ""INFO"", ""message"": ""2025-03-05 15:45:57,224 | INFO | {\""user_id\"": 86, \""product_id\"": 1629, \""amount\"": 37.89, \""status\"": \""failure\"", \""random_string\"": \""aMIGgQnU2l\""}"", ""timestamp"": ""2025-03-05 15:45:57""}",1741169757224194304,[object Object],1741169757224194304_6b24d1bc
[object Object],2025-03-05 15:45:55,"{""level"": ""INFO"", ""message"": ""2025-03-05 15:45:55,226 | INFO | {\""user_id\"": 100, \""product_id\"": 1995, \""amount\"": 11.13, \""status\"": \""success\"", \""random_string\"": \""R4PdRZP9AZ\""}"", ""timestamp"": ""2025-03-05 15:45:55""}",1741169755226100224,[object Object],1741169755226100224_6fe12f3e
[object Object],2025-03-05 15:45:53,"{""level"": ""INFO"", ""message"": ""2025-03-05 15:45:53,802 | INFO | {\""user_id\"": 70, \""product_id\"": 1672, \""amount\"": 60.33, \""status\"": \""success\"", \""random_string\"": \""vhPgDrZKif\""}"", ""timestamp"": ""2025-03-05 15:45:53""}",1741169753802372352,[object Object],1741169753802372352_81af7dd2
[object Object],2025-03-05 15:45:47,"{""level"": ""INFO"", ""message"": ""2025-03-05 15:45:47,774 | INFO | {\""user_id\"": 13, \""product_id\"": 1386, \""amount\"": 88.9, \""status\"": \""failure\"", \""random_string\"": \""XvMoBSHKYL\""}"", ""timestamp"": ""2025-03-05 15:45:47""}",1741169747774220288,[object Object],1741169747774220288_c656aaac
[object Object],2025-03-05 15:45:47,"{""level"": ""ERROR"", ""message"": ""2025-03-05 15:45:47,126 | ERROR | {\""user_id\"": 14, \""product_id\"": 1929, \""amount\"": 33.87, \""status\"": \""failure\"", \""random_string\"": \""OcioraWaeN\""}"", ""timestamp"": ""2025-03-05 15:45:47""}",1741169747126812672,[object Object],1741169747126812672_8b33910e
[object Object],2025-03-05 15:45:44,"{""level"": ""ERROR"", ""message"": ""2025-03-05 15:45:44,134 | ERROR | {\""user_id\"": 28, \""product_id\"": 1097, \""amount\"": 15.32, \""status\"": \""success\"", \""random_string\"": \""xhLGGqH6x6\""}"", ""timestamp"": ""2025-03-05 15:45:44""}",1741169744134376192,[object Object],1741169744134376192_f21f5ca8
[object Object],2025-03-05 15:45:41,"{""level"": ""WARNING"", ""message"": ""2025-03-05 15:45:41,936 | WARNING | {\""user_id\"": 71, \""product_id\"": 1838, \""amount\"": 93.58, \""status\"": \""failure\"", \""random_string\"": \""H8MdNDX0oZ\""}"", ""timestamp"": ""2025-03-05 15:45:41""}",1741169741937327104,[object Object],1741169741937327104_d64a248c
[object Object],2025-03-05 15:45:40,"{""level"": ""ERROR"", ""message"": ""2025-03-05 15:45:40,878 | ERROR | {\""user_id\"": 8, \""product_id\"": 1700, \""amount\"": 61.14, \""status\"": \""success\"", \""random_string\"": \""WonSWJ9dOh\""}"", ""timestamp"": ""2025-03-05 15:45:40""}",1741169740878323200,[object Object],1741169740878323200_56929de
[object Object],2025-03-05 15:45:38,"{""level"": ""INFO"", ""message"": ""2025-03-05 15:45:38,869 | INFO | {\""user_id\"": 75, \""product_id\"": 1951, \""amount\"": 87.95, \""status\"": \""failure\"", \""random_string\"": \""ZmbMjZb3Wa\""}"", ""timestamp"": ""2025-03-05 15:45:38""}",1741169738869632512,[object Object],1741169738869632512_fc85b77c
[object Object],2025-03-05 15:45:32,"{""level"": ""INFO"", ""message"": ""2025-03-05 15:45:32,085 | INFO | {\""user_id\"": 73, \""product_id\"": 1248, \""amount\"": 89.47, \""status\"": \""success\"", \""random_string\"": \""xyigRFpl33\""}"", ""timestamp"": ""2025-03-05 15:45:32""}",1741169732085368576,[object Object],1741169732085368576_c85615fe
[object Object],2025-03-05 15:45:30,"{""level"": ""ERROR"", ""message"": ""2025-03-05 15:45:30,030 | ERROR | {\""user_id\"": 82, \""product_id\"": 1453, \""amount\"": 10.89, \""status\"": \""success\"", \""random_string\"": \""fZPVK82AQx\""}"", ""timestamp"": ""2025-03-05 15:45:30""}",1741169730032438528,[object Object],1741169730032438528_5b544a2
[object Object],2025-03-05 15:45:20,"{""level"": ""WARNING"", ""message"": ""2025-03-05 15:45:20,875 | WARNING | {\""user_id\"": 37, \""product_id\"": 1842, \""amount\"": 60.29, \""status\"": \""failure\"", \""random_string\"": \""KekeG8i7Ga\""}"", ""timestamp"": ""2025-03-05 15:45:20""}",1741169720876069632,[object Object],1741169720876069632_8cd8fdda
[object Object],2025-03-05 15:45:19,"{""level"": ""ERROR"", ""message"": ""2025-03-05 15:45:19,559 | ERROR | {\""user_id\"": 68, \""product_id\"": 1901, \""amount\"": 26.51, \""status\"": \""pending\"", \""random_string\"": \""V2NcIr6qXv\""}"", ""timestamp"": ""2025-03-05 15:45:19""}",1741169719560082176,[object Object],1741169719560082176_5b9d0c94
[object Object],2025-03-05 15:45:17,"{""level"": ""ERROR"", ""message"": ""2025-03-05 15:45:17,694 | ERROR | {\""user_id\"": 39, \""product_id\"": 1609, \""amount\"": 50.07, \""status\"": \""pending\"", \""random_string\"": \""1C31HkNVI6\""}"", ""timestamp"": ""2025-03-05 15:45:17""}",1741169717695105280,[object Object],1741169717695105280_32da61f4
[object Object],2025-03-05 15:45:16,"{""level"": ""INFO"", ""message"": ""2025-03-05 15:45:16,275 | INFO | {\""user_id\"": 63, \""product_id\"": 1102, \""amount\"": 29.99, \""status\"": \""success\"", \""random_string\"": \""ClIvSblLWX\""}"", ""timestamp"": ""2025-03-05 15:45:16""}",1741169716275845120,[object Object],1741169716275845120_7c5ad4b4
[object Object],2025-03-05 15:45:11,"{""level"": ""WARNING"", ""message"": ""2025-03-05 15:45:11,853 | WARNING | {\""user_id\"": 40, \""product_id\"": 1560, \""amount\"": 71.83, \""status\"": \""failure\"", \""random_string\"": \""wIGzMJ7HVf\""}"", ""timestamp"": ""2025-03-05 15:45:11""}",1741169711854100992,[object Object],1741169711854100992_1138304
[object Object],2025-03-05 15:45:08,"{""level"": ""INFO"", ""message"": ""2025-03-05 15:45:08,505 | INFO | {\""user_id\"": 69, \""product_id\"": 1737, \""amount\"": 11.72, \""status\"": \""success\"", \""random_string\"": \""VbZJD723nT\""}"", ""timestamp"": ""2025-03-05 15:45:08""}",1741169708505875968,[object Object],1741169708505875968_17126eee
[object Object],2025-03-05 15:44:55,"{""level"": ""WARNING"", ""message"": ""2025-03-05 15:44:55,521 | WARNING | {\""user_id\"": 96, \""product_id\"": 1624, \""amount\"": 47.6, \""status\"": \""pending\"", \""random_string\"": \""jUbWpwmyOg\""}"", ""timestamp"": ""2025-03-05 15:44:55""}",1741169695521519872,[object Object],1741169695521519872_44d491bc
[object Object],2025-03-05 15:44:52,"{""level"": ""WARNING"", ""message"": ""2025-03-05 15:44:52,255 | WARNING | {\""user_id\"": 18, \""product_id\"": 1130, \""amount\"": 23.93, \""status\"": \""failure\"", \""random_string\"": \""OkFHjicHAM\""}"", ""timestamp"": ""2025-03-05 15:44:52""}",1741169692255738624,[object Object],1741169692255738624_ed1e6a92
[object Object],2025-03-05 15:44:50,"{""level"": ""WARNING"", ""message"": ""2025-03-05 15:44:50,677 | WARNING | {\""user_id\"": 33, \""product_id\"": 1279, \""amount\"": 73.59, \""status\"": \""success\"", \""random_string\"": \""nD5pZGMRxt\""}"", ""timestamp"": ""2025-03-05 15:44:50""}",1741169690677623296,[object Object],1741169690677623296_453c73a2
[object Object],2025-03-05 15:44:45,"{""level"": ""WARNING"", ""message"": ""2025-03-05 15:44:45,286 | WARNING | {\""user_id\"": 34, \""product_id\"": 1729, \""amount\"": 87.79, \""status\"": \""success\"", \""random_string\"": \""fTRQTgHckC\""}"", ""timestamp"": ""2025-03-05 15:44:45""}",1741169685286552576,[object Object],1741169685286552576_4304a67a
[object Object],2025-03-05 15:44:44,"{""level"": ""ERROR"", ""message"": ""2025-03-05 15:44:44,399 | ERROR | {\""user_id\"": 10, \""product_id\"": 1761, \""amount\"": 77.0, \""status\"": \""success\"", \""random_string\"": \""qUnIBIj32I\""}"", ""timestamp"": ""2025-03-05 15:44:44""}",1741169684399526144,[object Object],1741169684399526144_aea6687c
[object Object],2025-03-05 15:44:40,"{""level"": ""INFO"", ""message"": ""2025-03-05 15:44:40,091 | INFO | {\""user_id\"": 54, \""product_id\"": 1188, \""amount\"": 94.96, \""status\"": \""failure\"", \""random_string\"": \""IUhpivvBel\""}"", ""timestamp"": ""2025-03-05 15:44:40""}",1741169680091213824,[object Object],1741169680091213824_442e70f0
[object Object],2025-03-05 15:44:39,"{""level"": ""ERROR"", ""message"": ""2025-03-05 15:44:39,347 | ERROR | {\""user_id\"": 30, \""product_id\"": 1475, \""amount\"": 36.12, \""status\"": \""success\"", \""random_string\"": \""vBEtCVRcI5\""}"", ""timestamp"": ""2025-03-05 15:44:39""}",1741169679347858944,[object Object],1741169679347858944_95e60356
[object Object],2025-03-05 15:44:38,"{""level"": ""ERROR"", ""message"": ""2025-03-05 15:44:38,267 | ERROR | {\""user_id\"": 86, \""product_id\"": 1359, \""amount\"": 18.25, \""status\"": \""failure\"", \""random_string\"": \""KwDM6avGKV\""}"", ""timestamp"": ""2025-03-05 15:44:38""}",1741169678267307520,[object Object],1741169678267307520_7b5eec62
[object Object],2025-03-05 15:44:35,"{""level"": ""ERROR"", ""message"": ""2025-03-05 15:44:35,948 | ERROR | {\""user_id\"": 13, \""product_id\"": 1265, \""amount\"": 42.19, \""status\"": \""success\"", \""random_string\"": \""9fsX81s0Oa\""}"", ""timestamp"": ""2025-03-05 15:44:35""}",1741169675948329472,[object Object],1741169675948329472_91f6eec2
[object Object],2025-03-05 15:44:29,"{""level"": ""WARNING"", ""message"": ""2025-03-05 15:44:29,659 | WARNING | {\""user_id\"": 44, \""product_id\"": 1150, \""amount\"": 98.27, \""status\"": \""pending\"", \""random_string\"": \""b7KJ8WRBZx\""}"", ""timestamp"": ""2025-03-05 15:44:29""}",1741169669659452672,[object Object],1741169669659452672_87816442
[object Object],2025-03-05 15:44:28,"{""level"": ""INFO"", ""message"": ""2025-03-05 15:44:28,189 | INFO | {\""user_id\"": 26, \""product_id\"": 1796, \""amount\"": 66.56, \""status\"": \""failure\"", \""random_string\"": \""n6eQF2OPBa\""}"", ""timestamp"": ""2025-03-05 15:44:28""}",1741169668189501184,[object Object],1741169668189501184_9c1dd936
[object Object],2025-03-05 15:44:27,"{""level"": ""WARNING"", ""message"": ""2025-03-05 15:44:27,210 | WARNING | {\""user_id\"": 14, \""product_id\"": 1441, \""amount\"": 40.25, \""status\"": \""pending\"", \""random_string\"": \""tfYbzd2UZT\""}"", ""timestamp"": ""2025-03-05 15:44:27""}",1741169667210995200,[object Object],1741169667210995200_782a700
[object Object],2025-03-05 15:44:26,"{""level"": ""ERROR"", ""message"": ""2025-03-05 15:44:26,143 | ERROR | {\""user_id\"": 32, \""product_id\"": 1515, \""amount\"": 24.42, \""status\"": \""success\"", \""random_string\"": \""vw1caadhWN\""}"", ""timestamp"": ""2025-03-05 15:44:26""}",1741169666143661056,[object Object],1741169666143661056_917850de
[object Object],2025-03-05 15:44:23,"{""level"": ""WARNING"", ""message"": ""2025-03-05 15:44:23,540 | WARNING | {\""user_id\"": 59, \""product_id\"": 1252, \""amount\"": 87.91, \""status\"": \""pending\"", \""random_string\"": \""KSULfh1zpZ\""}"", ""timestamp"": ""2025-03-05 15:44:23""}",1741169663540176896,[object Object],1741169663540176896_f210897a
[object Object],2025-03-05 15:44:22,"{""level"": ""INFO"", ""message"": ""2025-03-05 15:44:22,687 | INFO | {\""user_id\"": 33, \""product_id\"": 1398, \""amount\"": 50.15, \""status\"": \""success\"", \""random_string\"": \""UJqw0kywVs\""}"", ""timestamp"": ""2025-03-05 15:44:22""}",1741169662687546624,[object Object],1741169662687546624_ea57cbb8
[object Object],2025-03-05 15:44:20,"{""level"": ""WARNING"", ""message"": ""2025-03-05 15:44:20,583 | WARNING | {\""user_id\"": 75, \""product_id\"": 1596, \""amount\"": 35.4, \""status\"": \""pending\"", \""random_string\"": \""gopKL5qgxB\""}"", ""timestamp"": ""2025-03-05 15:44:20""}",1741169660583642624,[object Object],1741169660583642624_a7271e90
[object Object],2025-03-05 15:44:16,"{""level"": ""INFO"", ""message"": ""2025-03-05 15:44:16,078 | INFO | {\""user_id\"": 63, \""product_id\"": 1117, \""amount\"": 60.9, \""status\"": \""failure\"", \""random_string\"": \""5gZZxdoO2C\""}"", ""timestamp"": ""2025-03-05 15:44:16""}",1741169656078358528,[object Object],1741169656078358528_6a2e07de
[object Object],2025-03-05 15:44:13,"{""level"": ""INFO"", ""message"": ""2025-03-05 15:44:13,275 | INFO | {\""user_id\"": 5, \""product_id\"": 1354, \""amount\"": 14.34, \""status\"": \""pending\"", \""random_string\"": \""6z0rznzP1F\""}"", ""timestamp"": ""2025-03-05 15:44:13""}",1741169653276549376,[object Object],1741169653276549376_5c5ecdbc
[object Object],2025-03-05 15:44:12,"{""level"": ""INFO"", ""message"": ""2025-03-05 15:44:12,063 | INFO | {\""user_id\"": 53, \""product_id\"": 1973, \""amount\"": 39.78, \""status\"": \""failure\"", \""random_string\"": \""0dGA4jYXzH\""}"", ""timestamp"": ""2025-03-05 15:44:12""}",1741169652064157440,[object Object],1741169652064157440_677c0cfe
[object Object],2025-03-05 15:44:09,"{""level"": ""ERROR"", ""message"": ""2025-03-05 15:44:09,608 | ERROR | {\""user_id\"": 79, \""product_id\"": 1108, \""amount\"": 77.13, \""status\"": \""failure\"", \""random_string\"": \""mkGdqDRedn\""}"", ""timestamp"": ""2025-03-05 15:44:09""}",1741169649608478464,[object Object],1741169649608478464_7c505df6
[object Object],2025-03-05 15:44:07,"{""level"": ""INFO"", ""message"": ""2025-03-05 15:44:07,933 | INFO | {\""user_id\"": 50, \""product_id\"": 1394, \""amount\"": 21.47, \""status\"": \""success\"", \""random_string\"": \""bPStq2hb98\""}"", ""timestamp"": ""2025-03-05 15:44:07""}",1741169647933156608,[object Object],1741169647933156608_edc1dbf6
[object Object],2025-03-05 15:44:06,"{""level"": ""INFO"", ""message"": ""2025-03-05 15:44:06,369 | INFO | {\""user_id\"": 15, \""product_id\"": 1546, \""amount\"": 66.77, \""status\"": \""success\"", \""random_string\"": \""NnlZlcNwPb\""}"", ""timestamp"": ""2025-03-05 15:44:06""}",1741169646369191168,[object Object],1741169646369191168_2b94d7cc
[object Object],2025-03-05 15:44:05,"{""level"": ""INFO"", ""message"": ""2025-03-05 15:44:05,815 | INFO | {\""user_id\"": 41, \""product_id\"": 1717, \""amount\"": 52.06, \""status\"": \""success\"", \""random_string\"": \""RfMHIrBt3g\""}"", ""timestamp"": ""2025-03-05 15:44:05""}",1741169645816732416,[object Object],1741169645816732416_190dfa76
[object Object],2025-03-05 15:43:59,"{""level"": ""WARNING"", ""message"": ""2025-03-05 15:43:59,994 | WARNING | {\""user_id\"": 37, \""product_id\"": 1961, \""amount\"": 75.83, \""status\"": \""failure\"", \""random_string\"": \""EkNn1qz4ZR\""}"", ""timestamp"": ""2025-03-05 15:43:59""}",1741169639994294272,[object Object],1741169639994294272_94ff9f68
[object Object],2025-03-05 15:43:59,"{""level"": ""INFO"", ""message"": ""2025-03-05 15:43:59,189 | INFO | {\""user_id\"": 78, \""product_id\"": 1896, \""amount\"": 11.5, \""status\"": \""success\"", \""random_string\"": \""IIl4Sn8EnI\""}"", ""timestamp"": ""2025-03-05 15:43:59""}",1741169639190216960,[object Object],1741169639190216960_26357752
[object Object],2025-03-05 15:43:57,"{""level"": ""ERROR"", ""message"": ""2025-03-05 15:43:57,612 | ERROR | {\""user_id\"": 76, \""product_id\"": 1206, \""amount\"": 78.28, \""status\"": \""pending\"", \""random_string\"": \""SsPBZ7Z1rX\""}"", ""timestamp"": ""2025-03-05 15:43:57""}",1741169637612546048,[object Object],1741169637612546048_d4355d86
[object Object],2025-03-05 15:43:55,"{""level"": ""ERROR"", ""message"": ""2025-03-05 15:43:55,169 | ERROR | {\""user_id\"": 40, \""product_id\"": 1439, \""amount\"": 26.59, \""status\"": \""pending\"", \""random_string\"": \""GwturT6hYh\""}"", ""timestamp"": ""2025-03-05 15:43:55""}",1741169635169563904,[object Object],1741169635169563904_8c3cac74
[object Object],2025-03-05 15:43:54,"{""level"": ""WARNING"", ""message"": ""2025-03-05 15:43:54,237 | WARNING | {\""user_id\"": 95, \""product_id\"": 1518, \""amount\"": 56.8, \""status\"": \""success\"", \""random_string\"": \""qGyjibG1jG\""}"", ""timestamp"": ""2025-03-05 15:43:54""}",1741169634237749760,[object Object],1741169634237749760_8c247fe4
[object Object],2025-03-05 15:43:50,"{""level"": ""WARNING"", ""message"": ""2025-03-05 15:43:50,557 | WARNING | {\""user_id\"": 19, \""product_id\"": 1211, \""amount\"": 92.41, \""status\"": \""pending\"", \""random_string\"": \""JNFFn4DE7X\""}"", ""timestamp"": ""2025-03-05 15:43:50""}",1741169630557649920,[object Object],1741169630557649920_be418fb0
[object Object],2025-03-05 15:43:45,"{""level"": ""WARNING"", ""message"": ""2025-03-05 15:43:45,696 | WARNING | {\""user_id\"": 34, \""product_id\"": 1501, \""amount\"": 42.36, \""status\"": \""failure\"", \""random_string\"": \""n2cSDj70eR\""}"", ""timestamp"": ""2025-03-05 15:43:45""}",1741169625696944896,[object Object],1741169625696944896_7cbc6332
[object Object],2025-03-05 15:43:44,"{""level"": ""ERROR"", ""message"": ""2025-03-05 15:43:44,595 | ERROR | {\""user_id\"": 97, \""product_id\"": 1120, \""amount\"": 33.0, \""status\"": \""failure\"", \""random_string\"": \""rcnd9jGPKV\""}"", ""timestamp"": ""2025-03-05 15:43:44""}",1741169624595721728,[object Object],1741169624595721728_4a3713be
[object Object],2025-03-05 15:43:42,"{""level"": ""INFO"", ""message"": ""2025-03-05 15:43:42,650 | INFO | {\""user_id\"": 65, \""product_id\"": 1807, \""amount\"": 12.75, \""status\"": \""success\"", \""random_string\"": \""IyTx3oOXxp\""}"", ""timestamp"": ""2025-03-05 15:43:42""}",1741169622650136064,[object Object],1741169622650136064_606e5b2
[object Object],2025-03-05 15:43:37,"{""level"": ""INFO"", ""message"": ""2025-03-05 15:43:37,501 | INFO | {\""user_id\"": 39, \""product_id\"": 1224, \""amount\"": 51.75, \""status\"": \""failure\"", \""random_string\"": \""SC7XZGkfJp\""}"", ""timestamp"": ""2025-03-05 15:43:37""}",1741169617502028800,[object Object],1741169617502028800_a306828
[object Object],2025-03-05 15:43:35,"{""level"": ""INFO"", ""message"": ""2025-03-05 15:43:35,973 | INFO | {\""user_id\"": 96, \""product_id\"": 1752, \""amount\"": 62.03, \""status\"": \""pending\"", \""random_string\"": \""dHL3Jnq4qg\""}"", ""timestamp"": ""2025-03-05 15:43:35""}",1741169615973253376,[object Object],1741169615973253376_626be806
[object Object],2025-03-05 15:43:34,"{""level"": ""ERROR"", ""message"": ""2025-03-05 15:43:34,882 | ERROR | {\""user_id\"": 62, \""product_id\"": 1004, \""amount\"": 37.18, \""status\"": \""pending\"", \""random_string\"": \""tUL5XSdDtk\""}"", ""timestamp"": ""2025-03-05 15:43:34""}",1741169614883053312,[object Object],1741169614883053312_1086c708
[object Object],2025-03-05 15:43:33,"{""level"": ""WARNING"", ""message"": ""2025-03-05 15:43:33,090 | WARNING | {\""user_id\"": 92, \""product_id\"": 1229, \""amount\"": 22.86, \""status\"": \""pending\"", \""random_string\"": \""AU7FBQykeL\""}"", ""timestamp"": ""2025-03-05 15:43:33""}",1741169613090365696,[object Object],1741169613090365696_9e804510
[object Object],2025-03-05 15:43:28,"{""level"": ""ERROR"", ""message"": ""2025-03-05 15:43:28,298 | ERROR | {\""user_id\"": 44, \""product_id\"": 1121, \""amount\"": 25.57, \""status\"": \""success\"", \""random_string\"": \""LJ7TPhTUqo\""}"", ""timestamp"": ""2025-03-05 15:43:28""}",1741169608299563520,[object Object],1741169608299563520_8c69cb1c
[object Object],2025-03-05 15:43:27,"{""level"": ""WARNING"", ""message"": ""2025-03-05 15:43:27,001 | WARNING | {\""user_id\"": 39, \""product_id\"": 1285, \""amount\"": 87.01, \""status\"": \""pending\"", \""random_string\"": \""h6Y4hKKYru\""}"", ""timestamp"": ""2025-03-05 15:43:27""}",1741169607001484032,[object Object],1741169607001484032_72e52fe0
[object Object],2025-03-05 15:43:25,"{""level"": ""INFO"", ""message"": ""2025-03-05 15:43:25,362 | INFO | {\""user_id\"": 65, \""product_id\"": 1275, \""amount\"": 33.01, \""status\"": \""failure\"", \""random_string\"": \""AWWP6BgTCZ\""}"", ""timestamp"": ""2025-03-05 15:43:25""}",1741169605362598400,[object Object],1741169605362598400_c001de40
[object Object],2025-03-05 15:43:22,"{""level"": ""INFO"", ""message"": ""2025-03-05 15:43:22,355 | INFO | {\""user_id\"": 31, \""product_id\"": 1891, \""amount\"": 82.54, \""status\"": \""success\"", \""random_string\"": \""YSBDFwaahD\""}"", ""timestamp"": ""2025-03-05 15:43:22""}",1741169602355731968,[object Object],1741169602355731968_ae134126
[object Object],2025-03-05 15:43:21,"{""level"": ""INFO"", ""message"": ""2025-03-05 15:43:21,708 | INFO | {\""user_id\"": 34, \""product_id\"": 1222, \""amount\"": 41.87, \""status\"": \""failure\"", \""random_string\"": \""jDHEJXPZZB\""}"", ""timestamp"": ""2025-03-05 15:43:21""}",1741169601709059328,[object Object],1741169601709059328_f3f441e2
[object Object],2025-03-05 15:43:21,"{""level"": ""INFO"", ""message"": ""2025-03-05 15:43:21,067 | INFO | {\""user_id\"": 44, \""product_id\"": 1096, \""amount\"": 85.76, \""status\"": \""pending\"", \""random_string\"": \""esigO23sK5\""}"", ""timestamp"": ""2025-03-05 15:43:21""}",1741169601068092672,[object Object],1741169601068092672_bb2c774
[object Object],2025-03-05 15:43:19,"{""level"": ""INFO"", ""message"": ""2025-03-05 15:43:19,549 | INFO | {\""user_id\"": 4, \""product_id\"": 1067, \""amount\"": 87.96, \""status\"": \""pending\"", \""random_string\"": \""RBjDD4nJ6l\""}"", ""timestamp"": ""2025-03-05 15:43:19""}",1741169599549265408,[object Object],1741169599549265408_35498bf6
[object Object],2025-03-05 15:43:15,"{""level"": ""WARNING"", ""message"": ""2025-03-05 15:43:15,810 | WARNING | {\""user_id\"": 96, \""product_id\"": 1023, \""amount\"": 70.85, \""status\"": \""success\"", \""random_string\"": \""2Mv5clKrAn\""}"", ""timestamp"": ""2025-03-05 15:43:15""}",1741169595811030784,[object Object],1741169595811030784_28f25130
[object Object],2025-03-05 15:43:14,"{""level"": ""ERROR"", ""message"": ""2025-03-05 15:43:14,836 | ERROR | {\""user_id\"": 69, \""product_id\"": 1359, \""amount\"": 49.32, \""status\"": \""pending\"", \""random_string\"": \""VjFomNt6jV\""}"", ""timestamp"": ""2025-03-05 15:43:14""}",1741169594837896448,[object Object],1741169594837896448_13191414
[object Object],2025-03-05 15:43:09,"{""level"": ""INFO"", ""message"": ""2025-03-05 15:43:09,721 | INFO | {\""user_id\"": 68, \""product_id\"": 1729, \""amount\"": 22.55, \""status\"": \""pending\"", \""random_string\"": \""mLU372vrFl\""}"", ""timestamp"": ""2025-03-05 15:43:09""}",1741169589721711616,[object Object],1741169589721711616_a97eea72
[object Object],2025-03-05 15:43:07,"{""level"": ""WARNING"", ""message"": ""2025-03-05 15:43:07,886 | WARNING | {\""user_id\"": 63, \""product_id\"": 1316, \""amount\"": 56.38, \""status\"": \""pending\"", \""random_string\"": \""nYVloBigEH\""}"", ""timestamp"": ""2025-03-05 15:43:07""}",1741169587886126592,[object Object],1741169587886126592_1d9c546a
[object Object],2025-03-05 15:43:07,"{""level"": ""WARNING"", ""message"": ""2025-03-05 15:43:07,015 | WARNING | {\""user_id\"": 52, \""product_id\"": 1368, \""amount\"": 75.06, \""status\"": \""failure\"", \""random_string\"": \""mOzacOWsuA\""}"", ""timestamp"": ""2025-03-05 15:43:07""}",1741169587015656448,[object Object],1741169587015656448_92624c2a
[object Object],2025-03-05 15:43:06,"{""level"": ""ERROR"", ""message"": ""2025-03-05 15:43:06,271 | ERROR | {\""user_id\"": 85, \""product_id\"": 1408, \""amount\"": 72.74, \""status\"": \""pending\"", \""random_string\"": \""N3FLv3gEpV\""}"", ""timestamp"": ""2025-03-05 15:43:06""}",1741169586271348992,[object Object],1741169586271348992_ade9fdde
[object Object],2025-03-05 15:43:04,"{""level"": ""INFO"", ""message"": ""2025-03-05 15:43:04,384 | INFO | {\""user_id\"": 72, \""product_id\"": 1994, \""amount\"": 44.42, \""status\"": \""failure\"", \""random_string\"": \""9UrbyEhKMM\""}"", ""timestamp"": ""2025-03-05 15:43:04""}",1741169584384711424,[object Object],1741169584384711424_f1b95e54
[object Object],2025-03-05 15:42:59,"{""level"": ""WARNING"", ""message"": ""2025-03-05 15:42:59,429 | WARNING | {\""user_id\"": 68, \""product_id\"": 1525, \""amount\"": 23.95, \""status\"": \""failure\"", \""random_string\"": \""lIFoZX93fX\""}"", ""timestamp"": ""2025-03-05 15:42:59""}",1741169579429430272,[object Object],1741169579429430272_c8b1fe78
[object Object],2025-03-05 15:42:56,"{""level"": ""WARNING"", ""message"": ""2025-03-05 15:42:56,719 | WARNING | {\""user_id\"": 39, \""product_id\"": 1010, \""amount\"": 60.87, \""status\"": \""pending\"", \""random_string\"": \""TAMWoV1liy\""}"", ""timestamp"": ""2025-03-05 15:42:56""}",1741169576719989504,[object Object],1741169576719989504_e227ae08
[object Object],2025-03-05 15:42:54,"{""level"": ""ERROR"", ""message"": ""2025-03-05 15:42:54,821 | ERROR | {\""user_id\"": 73, \""product_id\"": 1242, \""amount\"": 41.09, \""status\"": \""failure\"", \""random_string\"": \""VFQkas5Fru\""}"", ""timestamp"": ""2025-03-05 15:42:54""}",1741169574821213184,[object Object],1741169574821213184_7ef2c5c4
[object Object],2025-03-05 15:42:53,"{""level"": ""WARNING"", ""message"": ""2025-03-05 15:42:53,127 | WARNING | {\""user_id\"": 11, \""product_id\"": 1597, \""amount\"": 29.87, \""status\"": \""success\"", \""random_string\"": \""34O8O41sE1\""}"", ""timestamp"": ""2025-03-05 15:42:53""}",1741169573127334912,[object Object],1741169573127334912_398a7f6e
[object Object],2025-03-05 15:42:50,"{""level"": ""INFO"", ""message"": ""2025-03-05 15:42:50,027 | INFO | {\""user_id\"": 46, \""product_id\"": 1878, \""amount\"": 26.74, \""status\"": \""pending\"", \""random_string\"": \""jCee6wXUyD\""}"", ""timestamp"": ""2025-03-05 15:42:50""}",1741169570027687936,[object Object],1741169570027687936_bc3feeb6
[object Object],2025-03-05 15:42:47,"{""level"": ""INFO"", ""message"": ""2025-03-05 15:42:47,388 | INFO | {\""user_id\"": 85, \""product_id\"": 1745, \""amount\"": 61.25, \""status\"": \""success\"", \""random_string\"": \""koL4xXl8aq\""}"", ""timestamp"": ""2025-03-05 15:42:47""}",1741169567389267456,[object Object],1741169567389267456_54402b70
[object Object],2025-03-05 15:42:46,"{""level"": ""INFO"", ""message"": ""2025-03-05 15:42:46,494 | INFO | {\""user_id\"": 87, \""product_id\"": 1174, \""amount\"": 40.49, \""status\"": \""success\"", \""random_string\"": \""9mimaWdtMs\""}"", ""timestamp"": ""2025-03-05 15:42:46""}",1741169566494901504,[object Object],1741169566494901504_b7bc7b7c
[object Object],2025-03-05 15:42:44,"{""level"": ""INFO"", ""message"": ""2025-03-05 15:42:44,625 | INFO | {\""user_id\"": 76, \""product_id\"": 1584, \""amount\"": 60.18, \""status\"": \""pending\"", \""random_string\"": \""UlmyYen9ZD\""}"", ""timestamp"": ""2025-03-05 15:42:44""}",1741169564626129408,[object Object],1741169564626129408_4d516682
[object Object],2025-03-05 15:42:40,"{""level"": ""ERROR"", ""message"": ""2025-03-05 15:42:40,581 | ERROR | {\""user_id\"": 6, \""product_id\"": 1292, \""amount\"": 99.36, \""status\"": \""success\"", \""random_string\"": \""ucF5I8Uw6v\""}"", ""timestamp"": ""2025-03-05 15:42:40""}",1741169560581243392,[object Object],1741169560581243392_d7c1b9e0
[object Object],2025-03-05 15:42:26,"{""level"": ""WARNING"", ""message"": ""2025-03-05 15:42:26,312 | WARNING | {\""user_id\"": 38, \""product_id\"": 1332, \""amount\"": 37.52, \""status\"": \""failure\"", \""random_string\"": \""LnkNiEA2M8\""}"", ""timestamp"": ""2025-03-05 15:42:26""}",1741169546312719616,[object Object],1741169546312719616_6ecd46ae
[object Object],2025-03-05 15:42:23,"{""level"": ""WARNING"", ""message"": ""2025-03-05 15:42:23,678 | WARNING | {\""user_id\"": 53, \""product_id\"": 1826, \""amount\"": 47.88, \""status\"": \""pending\"", \""random_string\"": \""wjAqCX3D94\""}"", ""timestamp"": ""2025-03-05 15:42:23""}",1741169543679057920,[object Object],1741169543679057920_afbe7220
[object Object],2025-03-05 15:42:18,"{""level"": ""INFO"", ""message"": ""2025-03-05 15:42:18,969 | INFO | {\""user_id\"": 93, \""product_id\"": 1439, \""amount\"": 76.17, \""status\"": \""failure\"", \""random_string\"": \""CSMYY71Gop\""}"", ""timestamp"": ""2025-03-05 15:42:18""}",1741169538969609984,[object Object],1741169538969609984_a0bfc0e
[object Object],2025-03-05 15:42:16,"{""level"": ""WARNING"", ""message"": ""2025-03-05 15:42:16,341 | WARNING | {\""user_id\"": 52, \""product_id\"": 1148, \""amount\"": 81.53, \""status\"": \""failure\"", \""random_string\"": \""XYfcU8tXbS\""}"", ""timestamp"": ""2025-03-05 15:42:16""}",1741169536341260288,[object Object],1741169536341260288_245033c0
[object Object],2025-03-05 15:42:14,"{""level"": ""ERROR"", ""message"": ""2025-03-05 15:42:14,535 | ERROR | {\""user_id\"": 45, \""product_id\"": 1654, \""amount\"": 97.63, \""status\"": \""failure\"", \""random_string\"": \""5JhNdwIOJ5\""}"", ""timestamp"": ""2025-03-05 15:42:14""}",1741169534535531008,[object Object],1741169534535531008_4dab113c
[object Object],2025-03-05 15:42:09,"{""level"": ""ERROR"", ""message"": ""2025-03-05 15:42:09,328 | ERROR | {\""user_id\"": 53, \""product_id\"": 1544, \""amount\"": 17.11, \""status\"": \""success\"", \""random_string\"": \""LWb6Kko5hF\""}"", ""timestamp"": ""2025-03-05 15:42:09""}",1741169529328313600,[object Object],1741169529328313600_7fd99116
[object Object],2025-03-05 15:42:07,"{""level"": ""INFO"", ""message"": ""2025-03-05 15:42:07,622 | INFO | {\""user_id\"": 60, \""product_id\"": 1331, \""amount\"": 51.22, \""status\"": \""pending\"", \""random_string\"": \""di54JvQm54\""}"", ""timestamp"": ""2025-03-05 15:42:07""}",1741169527622192896,[object Object],1741169527622192896_9f52d618
[object Object],2025-03-05 15:42:07,"{""level"": ""INFO"", ""message"": ""2025-03-05 15:42:07,009 | INFO | {\""user_id\"": 79, \""product_id\"": 1475, \""amount\"": 99.98, \""status\"": \""success\"", \""random_string\"": \""BKHMKooSbR\""}"", ""timestamp"": ""2025-03-05 15:42:07""}",1741169527009281024,[object Object],1741169527009281024_93a2c458
[object Object],2025-03-05 15:42:04,"{""level"": ""WARNING"", ""message"": ""2025-03-05 15:42:04,034 | WARNING | {\""user_id\"": 85, \""product_id\"": 1182, \""amount\"": 87.3, \""status\"": \""failure\"", \""random_string\"": \""WhrRe4iYsU\""}"", ""timestamp"": ""2025-03-05 15:42:04""}",1741169524035043840,[object Object],1741169524035043840_37e45e38
[object Object],2025-03-05 15:42:02,"{""level"": ""INFO"", ""message"": ""2025-03-05 15:42:02,016 | INFO | {\""user_id\"": 4, \""product_id\"": 1355, \""amount\"": 91.05, \""status\"": \""pending\"", \""random_string\"": \""ZyG3RhYA4L\""}"", ""timestamp"": ""2025-03-05 15:42:02""}",1741169522016651008,[object Object],1741169522016651008_437fc47c
[object Object],2025-03-05 15:41:59,"{""level"": ""INFO"", ""message"": ""2025-03-05 15:41:59,555 | INFO | {\""user_id\"": 60, \""product_id\"": 1013, \""amount\"": 27.6, \""status\"": \""pending\"", \""random_string\"": \""NuBYhogoyB\""}"", ""timestamp"": ""2025-03-05 15:41:59""}",1741169519556295424,[object Object],1741169519556295424_39fb672a
[object Object],2025-03-05 15:41:58,"{""level"": ""INFO"", ""message"": ""2025-03-05 15:41:58,354 | INFO | {\""user_id\"": 55, \""product_id\"": 1892, \""amount\"": 60.17, \""status\"": \""failure\"", \""random_string\"": \""7URbI1qHCR\""}"", ""timestamp"": ""2025-03-05 15:41:58""}",1741169518356182528,[object Object],1741169518356182528_652d3866
[object Object],2025-03-05 15:41:55,"{""level"": ""ERROR"", ""message"": ""2025-03-05 15:41:55,719 | ERROR | {\""user_id\"": 43, \""product_id\"": 1396, \""amount\"": 49.69, \""status\"": \""success\"", \""random_string\"": \""qTYKAqyYKJ\""}"", ""timestamp"": ""2025-03-05 15:41:55""}",1741169515719479296,[object Object],1741169515719479296_724874c
[object Object],2025-03-05 15:41:53,"{""level"": ""WARNING"", ""message"": ""2025-03-05 15:41:53,118 | WARNING | {\""user_id\"": 49, \""product_id\"": 1687, \""amount\"": 25.13, \""status\"": \""success\"", \""random_string\"": \""dtS6x6HBB7\""}"", ""timestamp"": ""2025-03-05 15:41:53""}",1741169513119081216,[object Object],1741169513119081216_f9ef47b2
[object Object],2025-03-05 15:41:47,"{""level"": ""ERROR"", ""message"": ""2025-03-05 15:41:47,306 | ERROR | {\""user_id\"": 28, \""product_id\"": 1544, \""amount\"": 42.24, \""status\"": \""success\"", \""random_string\"": \""ntCLiAeP1S\""}"", ""timestamp"": ""2025-03-05 15:41:47""}",1741169507306612224,[object Object],1741169507306612224_d9fbdca
[object Object],2025-03-05 15:41:45,"{""level"": ""INFO"", ""message"": ""2025-03-05 15:41:45,649 | INFO | {\""user_id\"": 51, \""product_id\"": 1311, \""amount\"": 60.89, \""status\"": \""failure\"", \""random_string\"": \""25ljWQoWKM\""}"", ""timestamp"": ""2025-03-05 15:41:45""}",1741169505650217728,[object Object],1741169505650217728_699b1adc
[object Object],2025-03-05 15:41:44,"{""level"": ""WARNING"", ""message"": ""2025-03-05 15:41:44,553 | WARNING | {\""user_id\"": 76, \""product_id\"": 1521, \""amount\"": 25.03, \""status\"": \""success\"", \""random_string\"": \""2JOihyteZf\""}"", ""timestamp"": ""2025-03-05 15:41:44""}",1741169504554444800,[object Object],1741169504554444800_f01075dc
[object Object],2025-03-05 15:41:40,"{""level"": ""INFO"", ""message"": ""2025-03-05 15:41:40,665 | INFO | {\""user_id\"": 23, \""product_id\"": 1271, \""amount\"": 70.26, \""status\"": \""failure\"", \""random_string\"": \""bV9IKhtfbP\""}"", ""timestamp"": ""2025-03-05 15:41:40""}",1741169500665546752,[object Object],1741169500665546752_b2295e76
[object Object],2025-03-05 15:41:38,"{""level"": ""INFO"", ""message"": ""2025-03-05 15:41:38,475 | INFO | {\""user_id\"": 18, \""product_id\"": 1559, \""amount\"": 79.25, \""status\"": \""pending\"", \""random_string\"": \""D5uXm4Uu21\""}"", ""timestamp"": ""2025-03-05 15:41:38""}",1741169498475564800,[object Object],1741169498475564800_34b8f52c
[object Object],2025-03-05 15:41:33,"{""level"": ""WARNING"", ""message"": ""2025-03-05 15:41:33,724 | WARNING | {\""user_id\"": 24, \""product_id\"": 1957, \""amount\"": 47.23, \""status\"": \""success\"", \""random_string\"": \""5TgsX3pL2I\""}"", ""timestamp"": ""2025-03-05 15:41:33""}",1741169493724946944,[object Object],1741169493724946944_5cd8d61a
[object Object],2025-03-05 15:41:30,"{""level"": ""WARNING"", ""message"": ""2025-03-05 15:41:30,592 | WARNING | {\""user_id\"": 73, \""product_id\"": 1631, \""amount\"": 80.79, \""status\"": \""failure\"", \""random_string\"": \""hXRvVqx6L9\""}"", ""timestamp"": ""2025-03-05 15:41:30""}",1741169490592862976,[object Object],1741169490592862976_15011a00
[object Object],2025-03-05 15:41:27,"{""level"": ""INFO"", ""message"": ""2025-03-05 15:41:27,570 | INFO | {\""user_id\"": 12, \""product_id\"": 1797, \""amount\"": 67.34, \""status\"": \""success\"", \""random_string\"": \""GXhBLw3YA5\""}"", ""timestamp"": ""2025-03-05 15:41:27""}",1741169487570276096,[object Object],1741169487570276096_823de6ee
[object Object],2025-03-05 15:41:26,"{""level"": ""ERROR"", ""message"": ""2025-03-05 15:41:26,157 | ERROR | {\""user_id\"": 73, \""product_id\"": 1834, \""amount\"": 53.52, \""status\"": \""failure\"", \""random_string\"": \""ivTkf7FZBa\""}"", ""timestamp"": ""2025-03-05 15:41:26""}",1741169486157982208,[object Object],1741169486157982208_27ee973c
[object Object],2025-03-05 15:41:24,"{""level"": ""INFO"", ""message"": ""2025-03-05 15:41:24,548 | INFO | {\""user_id\"": 62, \""product_id\"": 1408, \""amount\"": 85.66, \""status\"": \""success\"", \""random_string\"": \""nqddkB9DGz\""}"", ""timestamp"": ""2025-03-05 15:41:24""}",1741169484548776704,[object Object],1741169484548776704_8681bc80
[object Object],2025-03-05 15:41:21,"{""level"": ""INFO"", ""message"": ""2025-03-05 15:41:21,647 | INFO | {\""user_id\"": 11, \""product_id\"": 1270, \""amount\"": 12.22, \""status\"": \""success\"", \""random_string\"": \""gMF1eMWWC3\""}"", ""timestamp"": ""2025-03-05 15:41:21""}",1741169481647747328,[object Object],1741169481647747328_4288bec2
[object Object],2025-03-05 15:41:20,"{""level"": ""ERROR"", ""message"": ""2025-03-05 15:41:20,021 | ERROR | {\""user_id\"": 90, \""product_id\"": 1550, \""amount\"": 25.97, \""status\"": \""success\"", \""random_string\"": \""zPzdPjzJQR\""}"", ""timestamp"": ""2025-03-05 15:41:20""}",1741169480021527296,[object Object],1741169480021527296_48ef3b0
[object Object],2025-03-05 15:41:18,"{""level"": ""ERROR"", ""message"": ""2025-03-05 15:41:18,381 | ERROR | {\""user_id\"": 10, \""product_id\"": 1001, \""amount\"": 32.76, \""status\"": \""pending\"", \""random_string\"": \""nfxovWIkPo\""}"", ""timestamp"": ""2025-03-05 15:41:18""}",1741169478381536000,[object Object],1741169478381536000_2361d918
[object Object],2025-03-05 15:41:17,"{""level"": ""WARNING"", ""message"": ""2025-03-05 15:41:17,176 | WARNING | {\""user_id\"": 48, \""product_id\"": 1493, \""amount\"": 74.34, \""status\"": \""failure\"", \""random_string\"": \""MAQRKPX5fG\""}"", ""timestamp"": ""2025-03-05 15:41:17""}",1741169477176798720,[object Object],1741169477176798720_17747816
[object Object],2025-03-05 15:41:16,"{""level"": ""WARNING"", ""message"": ""2025-03-05 15:41:16,624 | WARNING | {\""user_id\"": 45, \""product_id\"": 1761, \""amount\"": 87.67, \""status\"": \""pending\"", \""random_string\"": \""7Jo9HQ4X1N\""}"", ""timestamp"": ""2025-03-05 15:41:16""}",1741169476624166656,[object Object],1741169476624166656_2491b9e6
[object Object],2025-03-05 15:41:15,"{""level"": ""ERROR"", ""message"": ""2025-03-05 15:41:15,034 | ERROR | {\""user_id\"": 63, \""product_id\"": 1965, \""amount\"": 45.79, \""status\"": \""failure\"", \""random_string\"": \""QmynO6OA6D\""}"", ""timestamp"": ""2025-03-05 15:41:15""}",1741169475034321920,[object Object],1741169475034321920_345fa738
[object Object],2025-03-05 15:41:10,"{""level"": ""ERROR"", ""message"": ""2025-03-05 15:41:10,445 | ERROR | {\""user_id\"": 79, \""product_id\"": 1306, \""amount\"": 72.29, \""status\"": \""failure\"", \""random_string\"": \""mEo4mwfCsw\""}"", ""timestamp"": ""2025-03-05 15:41:10""}",1741169470445808384,[object Object],1741169470445808384_f27ad4b8
[object Object],2025-03-05 15:41:09,"{""level"": ""WARNING"", ""message"": ""2025-03-05 15:41:09,491 | WARNING | {\""user_id\"": 12, \""product_id\"": 1173, \""amount\"": 64.52, \""status\"": \""failure\"", \""random_string\"": \""5VsTycvEV8\""}"", ""timestamp"": ""2025-03-05 15:41:09""}",1741169469491463424,[object Object],1741169469491463424_3ff4268c
[object Object],2025-03-05 15:41:07,"{""level"": ""INFO"", ""message"": ""2025-03-05 15:41:07,951 | INFO | {\""user_id\"": 21, \""product_id\"": 1255, \""amount\"": 44.29, \""status\"": \""failure\"", \""random_string\"": \""2JBmKRo1Oi\""}"", ""timestamp"": ""2025-03-05 15:41:07""}",1741169467951229696,[object Object],1741169467951229696_5cb26352
[object Object],2025-03-05 15:41:07,"{""level"": ""INFO"", ""message"": ""2025-03-05 15:41:07,250 | INFO | {\""user_id\"": 97, \""product_id\"": 1331, \""amount\"": 26.9, \""status\"": \""success\"", \""random_string\"": \""2IpJi2Ucph\""}"", ""timestamp"": ""2025-03-05 15:41:07""}",1741169467250313216,[object Object],1741169467250313216_988686c
[object Object],2025-03-05 15:41:05,"{""level"": ""ERROR"", ""message"": ""2025-03-05 15:41:05,835 | ERROR | {\""user_id\"": 48, \""product_id\"": 1759, \""amount\"": 97.14, \""status\"": \""pending\"", \""random_string\"": \""EWZR27NbLv\""}"", ""timestamp"": ""2025-03-05 15:41:05""}",1741169465835869184,[object Object],1741169465835869184_d8d2ca58
[object Object],2025-03-05 15:41:04,"{""level"": ""INFO"", ""message"": ""2025-03-05 15:41:04,278 | INFO | {\""user_id\"": 28, \""product_id\"": 1984, \""amount\"": 81.28, \""status\"": \""failure\"", \""random_string\"": \""mdwnI721I4\""}"", ""timestamp"": ""2025-03-05 15:41:04""}",1741169464278751488,[object Object],1741169464278751488_67a4f34c
[object Object],2025-03-05 15:41:03,"{""level"": ""WARNING"", ""message"": ""2025-03-05 15:41:03,410 | WARNING | {\""user_id\"": 28, \""product_id\"": 1865, \""amount\"": 88.59, \""status\"": \""pending\"", \""random_string\"": \""FV5sLIsw7s\""}"", ""timestamp"": ""2025-03-05 15:41:03""}",1741169463410603264,[object Object],1741169463410603264_87bab20
[object Object],2025-03-05 15:41:02,"{""level"": ""INFO"", ""message"": ""2025-03-05 15:41:02,461 | INFO | {\""user_id\"": 82, \""product_id\"": 1775, \""amount\"": 54.79, \""status\"": \""success\"", \""random_string\"": \""zsbWUgZtrZ\""}"", ""timestamp"": ""2025-03-05 15:41:02""}",1741169462461718272,[object Object],1741169462461718272_720d90ce
[object Object],2025-03-05 15:40:54,"{""level"": ""ERROR"", ""message"": ""2025-03-05 15:40:54,496 | ERROR | {\""user_id\"": 100, \""product_id\"": 1737, \""amount\"": 82.17, \""status\"": \""success\"", \""random_string\"": \""5h4X4httFJ\""}"", ""timestamp"": ""2025-03-05 15:40:54""}",1741169454496964608,[object Object],1741169454496964608_466cee86
[object Object],2025-03-05 15:40:52,"{""level"": ""INFO"", ""message"": ""2025-03-05 15:40:52,191 | INFO | {\""user_id\"": 53, \""product_id\"": 1283, \""amount\"": 93.67, \""status\"": \""success\"", \""random_string\"": \""WyAS5hhxVH\""}"", ""timestamp"": ""2025-03-05 15:40:52""}",1741169452191869440,[object Object],1741169452191869440_2a293a34
[object Object],2025-03-05 15:40:50,"{""level"": ""INFO"", ""message"": ""2025-03-05 15:40:50,229 | INFO | {\""user_id\"": 48, \""product_id\"": 1416, \""amount\"": 89.68, \""status\"": \""pending\"", \""random_string\"": \""g5C3Xc8ufZ\""}"", ""timestamp"": ""2025-03-05 15:40:50""}",1741169450229843712,[object Object],1741169450229843712_4bd9577a
[object Object],2025-03-05 15:40:47,"{""level"": ""ERROR"", ""message"": ""2025-03-05 15:40:47,819 | ERROR | {\""user_id\"": 82, \""product_id\"": 1396, \""amount\"": 60.18, \""status\"": \""pending\"", \""random_string\"": \""F5aWMd3kV7\""}"", ""timestamp"": ""2025-03-05 15:40:47""}",1741169447819512832,[object Object],1741169447819512832_457e8f88
[object Object],2025-03-05 15:40:47,"{""level"": ""ERROR"", ""message"": ""2025-03-05 15:40:47,020 | ERROR | {\""user_id\"": 12, \""product_id\"": 1260, \""amount\"": 36.45, \""status\"": \""success\"", \""random_string\"": \""dnvrDJYcZG\""}"", ""timestamp"": ""2025-03-05 15:40:47""}",1741169447020266496,[object Object],1741169447020266496_556f7b94
[object Object],2025-03-05 15:40:40,"{""level"": ""INFO"", ""message"": ""2025-03-05 15:40:40,960 | INFO | {\""user_id\"": 33, \""product_id\"": 1927, \""amount\"": 22.84, \""status\"": \""pending\"", \""random_string\"": \""7dBmWhBwT6\""}"", ""timestamp"": ""2025-03-05 15:40:40""}",1741169440960336640,[object Object],1741169440960336640_6adb2408
[object Object],2025-03-05 15:40:39,"{""level"": ""ERROR"", ""message"": ""2025-03-05 15:40:39,465 | ERROR | {\""user_id\"": 70, \""product_id\"": 1043, \""amount\"": 99.1, \""status\"": \""failure\"", \""random_string\"": \""sF2fMNY3Ey\""}"", ""timestamp"": ""2025-03-05 15:40:39""}",1741169439465539584,[object Object],1741169439465539584_af5ea8fc
[object Object],2025-03-05 15:40:31,"{""level"": ""ERROR"", ""message"": ""2025-03-05 15:40:31,756 | ERROR | {\""user_id\"": 75, \""product_id\"": 1501, \""amount\"": 85.46, \""status\"": \""pending\"", \""random_string\"": \""hai3dCaWpa\""}"", ""timestamp"": ""2025-03-05 15:40:31""}",1741169431756927232,[object Object],1741169431756927232_21092c82
[object Object],2025-03-05 15:40:30,"{""level"": ""WARNING"", ""message"": ""2025-03-05 15:40:30,928 | WARNING | {\""user_id\"": 25, \""product_id\"": 1365, \""amount\"": 61.89, \""status\"": \""pending\"", \""random_string\"": \""ya2KMLVb69\""}"", ""timestamp"": ""2025-03-05 15:40:30""}",1741169430928912896,[object Object],1741169430928912896_378934a2
[object Object],2025-03-05 15:40:29,"{""level"": ""WARNING"", ""message"": ""2025-03-05 15:40:29,382 | WARNING | {\""user_id\"": 26, \""product_id\"": 1204, \""amount\"": 44.92, \""status\"": \""success\"", \""random_string\"": \""MYWP50v382\""}"", ""timestamp"": ""2025-03-05 15:40:29""}",1741169429383288832,[object Object],1741169429383288832_5552ca72
[object Object],2025-03-05 15:40:26,"{""level"": ""WARNING"", ""message"": ""2025-03-05 15:40:26,565 | WARNING | {\""user_id\"": 61, \""product_id\"": 1067, \""amount\"": 55.06, \""status\"": \""success\"", \""random_string\"": \""MdaAX7uPbY\""}"", ""timestamp"": ""2025-03-05 15:40:26""}",1741169426566241536,[object Object],1741169426566241536_90929e82
[object Object],2025-03-05 15:40:24,"{""level"": ""WARNING"", ""message"": ""2025-03-05 15:40:24,540 | WARNING | {\""user_id\"": 56, \""product_id\"": 1970, \""amount\"": 59.74, \""status\"": \""pending\"", \""random_string\"": \""mwNzmhgG0k\""}"", ""timestamp"": ""2025-03-05 15:40:24""}",1741169424541253632,[object Object],1741169424541253632_15f2ecd8
[object Object],2025-03-05 15:40:21,"{""level"": ""WARNING"", ""message"": ""2025-03-05 15:40:21,867 | WARNING | {\""user_id\"": 91, \""product_id\"": 1436, \""amount\"": 92.75, \""status\"": \""failure\"", \""random_string\"": \""vzQDn0kxzL\""}"", ""timestamp"": ""2025-03-05 15:40:21""}",1741169421867575040,[object Object],1741169421867575040_b71d6eb0
[object Object],2025-03-05 15:40:20,"{""level"": ""WARNING"", ""message"": ""2025-03-05 15:40:20,024 | WARNING | {\""user_id\"": 36, \""product_id\"": 1834, \""amount\"": 65.37, \""status\"": \""failure\"", \""random_string\"": \""SRKJIsEohC\""}"", ""timestamp"": ""2025-03-05 15:40:20""}",1741169420024262912,[object Object],1741169420024262912_dca49d50
[object Object],2025-03-05 15:40:18,"{""level"": ""ERROR"", ""message"": ""2025-03-05 15:40:18,274 | ERROR | {\""user_id\"": 34, \""product_id\"": 1632, \""amount\"": 13.28, \""status\"": \""pending\"", \""random_string\"": \""ZIMcGuqCXU\""}"", ""timestamp"": ""2025-03-05 15:40:18""}",1741169418276318720,[object Object],1741169418276318720_bf965a2a
[object Object],2025-03-05 15:40:17,"{""level"": ""ERROR"", ""message"": ""2025-03-05 15:40:17,395 | ERROR | {\""user_id\"": 63, \""product_id\"": 1690, \""amount\"": 18.71, \""status\"": \""failure\"", \""random_string\"": \""IY17qcXPAh\""}"", ""timestamp"": ""2025-03-05 15:40:17""}",1741169417395369984,[object Object],1741169417395369984_d57fce66